-- MySQL dump 10.13  Distrib 8.0.34, for Win64 (x86_64)
--
-- Host: 127.0.0.1    Database: udemy_dev
-- ------------------------------------------------------
-- Server version	8.1.0

/*!40101 SET @OLD_CHARACTER_SET_CLIENT=@@CHARACTER_SET_CLIENT */;
/*!40101 SET @OLD_CHARACTER_SET_RESULTS=@@CHARACTER_SET_RESULTS */;
/*!40101 SET @OLD_COLLATION_CONNECTION=@@COLLATION_CONNECTION */;
/*!50503 SET NAMES utf8 */;
/*!40103 SET @OLD_TIME_ZONE=@@TIME_ZONE */;
/*!40103 SET TIME_ZONE='+00:00' */;
/*!40014 SET @OLD_UNIQUE_CHECKS=@@UNIQUE_CHECKS, UNIQUE_CHECKS=0 */;
/*!40014 SET @OLD_FOREIGN_KEY_CHECKS=@@FOREIGN_KEY_CHECKS, FOREIGN_KEY_CHECKS=0 */;
/*!40101 SET @OLD_SQL_MODE=@@SQL_MODE, SQL_MODE='NO_AUTO_VALUE_ON_ZERO' */;
/*!40111 SET @OLD_SQL_NOTES=@@SQL_NOTES, SQL_NOTES=0 */;

--
-- Table structure for table `book_items`
--

DROP TABLE IF EXISTS `book_items`;
/*!40101 SET @saved_cs_client     = @@character_set_client */;
/*!50503 SET character_set_client = utf8mb4 */;
CREATE TABLE `book_items` (
  `id` int NOT NULL AUTO_INCREMENT,
  `course_id` int NOT NULL,
  `transaction_id` binary(16) NOT NULL,
  PRIMARY KEY (`id`),
  KEY `FKqyn1nbnxgcpoiy05rshw5vgmn` (`course_id`),
  KEY `FKj7xupl3se0r2r49ewwqhm3rpx` (`transaction_id`),
  CONSTRAINT `FKj7xupl3se0r2r49ewwqhm3rpx` FOREIGN KEY (`transaction_id`) REFERENCES `sale` (`transaction_id`) ON DELETE CASCADE,
  CONSTRAINT `FKqyn1nbnxgcpoiy05rshw5vgmn` FOREIGN KEY (`course_id`) REFERENCES `courses` (`id`) ON DELETE CASCADE
) ENGINE=InnoDB DEFAULT CHARSET=utf8mb4 COLLATE=utf8mb4_0900_ai_ci;
/*!40101 SET character_set_client = @saved_cs_client */;

--
-- Dumping data for table `book_items`
--

LOCK TABLES `book_items` WRITE;
/*!40000 ALTER TABLE `book_items` DISABLE KEYS */;
/*!40000 ALTER TABLE `book_items` ENABLE KEYS */;
UNLOCK TABLES;

--
-- Table structure for table `cart`
--

DROP TABLE IF EXISTS `cart`;
/*!40101 SET @saved_cs_client     = @@character_set_client */;
/*!50503 SET character_set_client = utf8mb4 */;
CREATE TABLE `cart` (
  `id` int NOT NULL AUTO_INCREMENT,
  `created_at` datetime(6) NOT NULL,
  `price` decimal(6,2) NOT NULL,
  `course_id` int NOT NULL,
  `user_id` int NOT NULL,
  PRIMARY KEY (`id`),
  UNIQUE KEY `UK1pvbbq921pknnn6rl5hjbedq4` (`user_id`,`course_id`),
  KEY `FK1vllsie342rrqn6niy90pufd5` (`course_id`),
  CONSTRAINT `FK1vllsie342rrqn6niy90pufd5` FOREIGN KEY (`course_id`) REFERENCES `courses` (`id`) ON DELETE CASCADE,
  CONSTRAINT `FKg5uhi8vpsuy0lgloxk2h4w5o6` FOREIGN KEY (`user_id`) REFERENCES `users` (`id`) ON DELETE CASCADE
) ENGINE=InnoDB AUTO_INCREMENT=8 DEFAULT CHARSET=utf8mb4 COLLATE=utf8mb4_0900_ai_ci;
/*!40101 SET character_set_client = @saved_cs_client */;

--
-- Dumping data for table `cart`
--

LOCK TABLES `cart` WRITE;
/*!40000 ALTER TABLE `cart` DISABLE KEYS */;
INSERT INTO `cart` VALUES (3,'2024-01-04 09:18:32.000000',0.00,27,2),(4,'2024-01-04 09:18:43.000000',1000.00,10,2);
/*!40000 ALTER TABLE `cart` ENABLE KEYS */;
UNLOCK TABLES;

--
-- Table structure for table `course_objectives`
--

DROP TABLE IF EXISTS `course_objectives`;
/*!40101 SET @saved_cs_client     = @@character_set_client */;
/*!50503 SET character_set_client = utf8mb4 */;
CREATE TABLE `course_objectives` (
  `id` int NOT NULL AUTO_INCREMENT,
  `objective` varchar(255) DEFAULT NULL,
  `course_id` int NOT NULL,
  `user_id` int NOT NULL,
  PRIMARY KEY (`id`),
  KEY `FKe14b2c5dqha8fmbx7vwlebss7` (`course_id`),
  KEY `FKewyd971c0ppwq8qtw29t3ga35` (`user_id`),
  CONSTRAINT `FKe14b2c5dqha8fmbx7vwlebss7` FOREIGN KEY (`course_id`) REFERENCES `courses` (`id`) ON DELETE CASCADE,
  CONSTRAINT `FKewyd971c0ppwq8qtw29t3ga35` FOREIGN KEY (`user_id`) REFERENCES `users` (`id`) ON DELETE CASCADE
) ENGINE=InnoDB AUTO_INCREMENT=77 DEFAULT CHARSET=utf8mb4 COLLATE=utf8mb4_0900_ai_ci;
/*!40101 SET character_set_client = @saved_cs_client */;

--
-- Dumping data for table `course_objectives`
--

LOCK TABLES `course_objectives` WRITE;
/*!40000 ALTER TABLE `course_objectives` DISABLE KEYS */;
INSERT INTO `course_objectives` VALUES (1,'R√®n luy·ªán t∆∞ duy l·∫≠p tr√¨nh v√† t∆∞ duy gi·∫£i quy·∫øt v·∫•n ƒë·ªÅ trong th·ª±c t·∫ø',8,1),(2,'N·ªÅn t·∫£ng v·ªØng ch·∫Øc v·ªÅ l·∫≠p tr√¨nh Java c∆° b·∫£n',8,1),(3,'N·∫Øm v·ªØng c√°c k·ªπ thu·∫≠t thao t√°c v·ªõi Array v√† String trong th·ª±c t·∫ø',8,1),(4,'N·∫Øm v·ªØng tri·ªát ƒë·ªÉ tinh th·∫ßn c·ªßa l·∫≠p tr√¨nh h∆∞·ªõng ƒë·ªëi t∆∞·ª£ng',8,1),(5,'Gi√° tr·ªã ƒë·∫ßu ti√™n ch√≠nh l√† ch∆∞∆°ng tr√¨nh ƒë∆∞·ª£c thi·∫øt k·∫ø khoa h·ªçc t·ª´ c∆° b·∫£n ƒë·∫øn n√¢ng cao. C√°c b·∫°n s·∫Ω ƒë∆∞·ª£c ti·∫øp c·∫≠n ki·∫øn th·ª©c theo d·ª± √°n th·ª±c t·∫ø.',9,1),(6,'C·ª• th·ªÉ, qu√° tr√¨nh s·∫Ω k√©o d√†i t·ª´ khi nh·∫≠n d·ª± √°n cho ƒë·∫øn khi ho√†n th√†nh s·∫£n ph·∫©m (·ª©ng d·ª•ng web), ƒë√≥ng g√≥i v√† b√†n giao s·∫£n ph·∫©m. M·ªói giai ƒëo·∫°n s·∫Ω l√† c√≥ c√°c k·ªπ nƒÉng, ki·∫øn th·ª©c tr·ªçng t√¢m ƒë·ªÉ sinh vi√™n ph√°t huy nƒÉng l·ª±c v√† t·ªëi ∆∞u th·ªùi gian h·ªçc t·∫≠p',9,1),(7,'C√πng v·ªõi ƒë√≥, sinh vi√™n c≈©ng ƒë∆∞·ª£c trang b·ªã ƒë·∫ßy ƒë·ªß k·ªπ nƒÉng ƒë·ªÉ qu·∫£n l√Ω th√†nh th·∫°o d·ª± √°n.',9,1),(8,'ƒê√¢y c≈©ng l√† n·ªÅn t·∫£ng ƒë·ªÉ sinh vi√™n trau d·ªìi ki·∫øn th·ª©c, k·ªπ nƒÉng ƒë·ªÉ ph·ª• tr√°ch 2 m·∫£ng Front end v√† Backend (Full-Stack) c·ªßa m·ªôt d·ª± √°n.',9,1),(9,'Th√†nh th·∫°o Photoshop ƒë·ªÉ thi·∫øt k·∫ø Banner Ecommerce, Social, Poster s·∫£n ph·∫©m, c·∫Øt gh√©p Manipulation, ch·ªânh s·ª≠a ·∫£nh, c√πng nhi·ªÅu ·ª©ng d·ª•ng kh√°c li√™n quan ƒë·∫øn Photoshop.',10,1),(10,'C√≥ ƒë∆∞·ª£c m·ªôt n·ªÅn t·∫£ng v·ªØng ch·∫Øc ƒë·ªÉ ti·∫øp t·ª•c ph√°t tri·ªÉn trong lƒ©nh v·ª±c kh√°c nh∆∞ Thi·∫øt K·∫ø ƒê·ªì Ho·∫°, Thi·∫øt K·∫ø UI/UX, Thi·∫øt K·∫ø Video, Digital Painting, ƒê·ªì H·ªça 3D ...',10,1),(11,'C√≥ th·ªÉ l√†m ƒë∆∞·ª£c banner qu·∫£ng c√°o \"ƒë·ªôc\" v√† \"l·∫°\"',10,1),(12,'C√≥ th·ªÉ t·∫°o ra nh·ªØng b·ª©c ·∫£nh ƒë·ªông',10,1),(13,'N·∫Øm v·ªØng ki·∫øn th·ª©c v·ªÅ c·∫•u tr√∫c, th√¥ng s·ªë c·ªßa video.',11,1),(14,'L√†m ch·ªß ph·∫ßn m·ªÅm d·ª±ng phim Premiere c√πng c√°c hi·ªáu ·ª©ng, plug-in ph·ªï d·ª•ng khi d·ª±ng phim.',11,1),(15,'T·ª± m√¨nh bi√™n t·∫≠p, c·∫Øt gh√©p nh·ªØng ƒëo·∫°n phim r·ªùi r·∫°c th√†nh m·ªôt video ho√†n ch·ªânh c√≥ n·ªôi dung c√≥ ti·∫øt t·∫•u, nh∆∞ Video Promotion, Travel, Vlog, Ph√≥ng S·ª±...',11,1),(16,'C√≥ m·ªôt n·ªÅn t·∫£ng v·ªØng ch·∫Øc v·ªÅ video ƒë·ªÉ ph√°t tri·ªÉn xa h∆°n. ',11,1),(17,'C√≥ c√°i nh√¨n t·ªïng quan v·ªÅ t√†i ch√≠nh, t√†i ch√≠nh doanh nghi·ªáp;',12,1),(18,'Bi·∫øt c√°ch t·ªï ch·ª©c & qu·∫£n l√Ω c√¥ng t√°c qu·∫£n tr·ªã t√†i ch√≠nh doanh nghi·ªáp;',12,1),(19,'Ho·∫°ch ƒë·ªãnh t√†i ch√≠nh doanh nghi·ªáp;',12,1),(20,'Ph√¢n t√≠ch t√¨nh h√¨nh t√†i ch√≠nh c·ªßa doanh nghi·ªáp;',12,1),(21,'H√†nh tr√¨nh 6 th√°ng, v·ªõi 5 h·ªçc ph·∫ßn v√† ~30 b√†i gi·∫£ng. T√¥i s·∫Ω d·∫´n d·∫Øt c√°c anh ch·ªã ƒëi t·ª´ nh·ªØng ng∆∞·ªùi ho√†n to√†n ch∆∞a bi·∫øt g√¨ ƒë·∫øn khi c√≥ th·ªÉ t·ª± tin ƒë·∫ßu t∆∞.',13,1),(22,'ƒê√¢y s·∫Ω l√† n∆°i c√°c anh ch·ªã g·∫∑p g·ª° v√† giao l∆∞u v·ªõi nh·ªØng h·ªçc vi√™n kh√°c c√≥ c√πng nh·ªØng t∆∞∆°ng quan v·ªÅ phong c√°ch s·ªëng v√† ƒë·∫ßu t∆∞',13,1),(23,'ƒê·ªãnh k·ª≥, c·ªông ƒë·ªìng h·ªçc vi√™n s·∫Ω c√≥ nh·ªØng ho·∫°t ƒë·ªông g·∫∑p g·ª° v√† giao l∆∞u. T·ª´ ƒë√≥ c√≥ th·ªÉ k·∫øt n·ªëi v√† h·ªó tr·ª£ nhau trong nhi·ªÅu lƒ©nh v·ª±c kh√°c c·ªßa cu·ªôc s·ªëng b√™n c·∫°nh ho·∫°t ƒë·ªông ƒë·∫ßu t∆∞.',13,1),(24,'Khi tham gia kho√° h·ªçc, ngo√†i vi·ªác theo d√µi c√°c b√†i gi·∫£ng trong khu v·ª±c l·ªõp h·ªçc. C√°c anh ch·ªã c≈©ng s·∫Ω ƒë∆∞·ª£c m·ªùi v√†o m·ªôt k√™nh podcast d√†nh ri√™ng cho h·ªçc vi√™n.',13,1),(33,'C√°c ki·∫øn th·ª©c v·ªÅ gh√©p n·ªëi v√†o ra, m√¥-ƒëun ch·ª©c nƒÉng t√≠ch h·ª£p.',17,1),(34,'C√°c ki·∫øn th·ª©c v·ªÅ l·∫≠p tr√¨nh C cho vi ƒëi·ªÅu khi·ªÉn.',17,1),(35,'Ph∆∞∆°ng ph√°p x√¢y d·ª±ng gi·∫£i thu·∫≠t ƒëi·ªÅu khi·ªÉn cho c√°c ·ª©ng d·ª•ng.',17,1),(36,'L·∫≠p tr√¨nh giao ti·∫øp, ƒëi·ªÅu khi·ªÉn v√† thu th·∫≠p d·ªØ li·ªáu t·ª´ c√°c thi·∫øt b·ªã ngo·∫°i vi',17,1),(53,'H·ªçc vi√™n t·ªët nghi·ªáp c√≥ ƒë∆∞·ª£c k·ªπ nƒÉng x·ª≠ l√Ω c√¥ng vi·ªác t∆∞∆°ng ƒë∆∞∆°ng v·ªõi ng∆∞·ªùi ƒë√£ ƒëi l√†m 06 th√°ng t·ªõi 1 nƒÉm.',22,1),(54,'ƒê∆∞·ª£c c·∫•p ch·ª©ng nh·∫≠n ƒë√†o t·∫°o VinaTrain ‚Äì ch·ª©ng nh·∫≠n uy t√≠n nh·∫•t trong ng√†nh.',22,1),(55,'B√™n c·∫°nh th·ªùi gian tr√™n l·ªõp, b·ªô ph·∫≠n h·ªó tr·ª£ lu√¥n lu√¥n l·∫Øng nghe v√† gi·∫£i ƒë√°p th·∫Øc m·∫Øc, ƒëi·ªÅu n√†y r·∫•t quan tr·ªçng khi b·∫°n ƒë√£ t·ªët nghi·ªáp.',22,1),(56,'Gi·∫£ng vi√™n t·∫°i VinaTrain h·∫ßu h·∫øt l√† nh·ªØng chuy√™n gia n·∫Øm gi·ªØ v·ªã tr√≠ quan tr·ªçng trong doanh nghi·ªáp hay tr∆∞·ªùng ƒë·∫°i h·ªçc.',22,1),(57,'H·ªçc vi√™n ho√†n th√†nh t·ªët kh√≥a h·ªçc ƒë∆∞·ª£c tr·ªü th√†nh Tr·ª£ gi·∫£ng t·∫°i CodeStar v·ªõi m·ª©c l∆∞∆°ng v√† c∆° h·ªôi thƒÉng ti·∫øn si√™u h·∫•p d·∫´n.',23,1),(58,'ƒê∆∞·ª£c gi·ªõi thi·ªáu c∆° h·ªôi ngh·ªÅ nghi·ªáp t·∫°i doanh nghi·ªáp IT',23,1),(59,'ƒê∆∞·ª£c tham gia v√†o group chia s·∫ª ki·∫øn th·ª©c v·ªÅ AWS c√πng c√°c gi·∫£ng vi√™n, chuy√™n gia v√† c√°c H·ªçc vi√™n c≈© t·∫°i CodeStar.',23,1),(60,'ƒê∆∞·ª£c h∆∞·ªõng d·∫´n c√°c k·ªπ nƒÉng m·ªÅm, ph·ª•c v·ª• c√¥ng vi·ªác.',23,1),(73,'kh√≥a h·ªçc cung c·∫•p k·ªπ nƒÉng v·ªÅ l·∫≠p tr√¨nh',27,1),(74,'Kh√≥a h·ªçc cung c·∫•p k·ªπ nƒÉng v·ªÅ l·∫≠p tr√¨nh ng·∫Øn h·∫°n',27,1),(75,'Kh√≥a h·ªçc cung c·∫•p k·ªπ nƒÉng v·ªÅ l·∫≠p tr√¨nh d√†i h·∫°n',27,1),(76,'Kh√≥a h·ªçc cung c·∫•p k·ªπ nƒÉng v·ªÅ qu·∫£n l√Ω source code\n\n',27,1);
/*!40000 ALTER TABLE `course_objectives` ENABLE KEYS */;
UNLOCK TABLES;

--
-- Table structure for table `courses`
--

DROP TABLE IF EXISTS `courses`;
/*!40101 SET @saved_cs_client     = @@character_set_client */;
/*!50503 SET character_set_client = utf8mb4 */;
CREATE TABLE `courses` (
  `id` int NOT NULL AUTO_INCREMENT,
  `category` varchar(50) NOT NULL,
  `is_featured` bit(1) NOT NULL DEFAULT b'0',
  `price` decimal(6,2) NOT NULL,
  `rating` decimal(6,2) NOT NULL DEFAULT '0.00',
  `subtitle` varchar(255) DEFAULT NULL,
  `thumb_url` varchar(255) DEFAULT NULL,
  `title` varchar(255) NOT NULL,
  `user_id` int NOT NULL,
  PRIMARY KEY (`id`),
  KEY `IDX_CATEGORY` (`category`),
  KEY `FK51k53m6m5gi9n91fnlxkxgpmv` (`user_id`),
  CONSTRAINT `FK51k53m6m5gi9n91fnlxkxgpmv` FOREIGN KEY (`user_id`) REFERENCES `users` (`id`) ON DELETE CASCADE
) ENGINE=InnoDB AUTO_INCREMENT=28 DEFAULT CHARSET=utf8mb4 COLLATE=utf8mb4_0900_ai_ci;
/*!40101 SET character_set_client = @saved_cs_client */;

--
-- Dumping data for table `courses`
--

LOCK TABLES `courses` WRITE;
/*!40000 ALTER TABLE `courses` DISABLE KEYS */;
INSERT INTO `courses` VALUES (8,'L·∫≠p tr√¨nh',_binary '\0',500.00,5.00,'Sau khi ho√†n t·∫•t kh√≥a h·ªçc h·ªçc vi√™n s·∫Ω ƒë∆∞·ª£c trang b·ªã ki·∫øn th·ª©c v·ªØng ch·∫Øc v·ªÅ ng√¥n ng·ªØ l·∫≠p tr√¨nh JAVA.','http://res.cloudinary.com/dfmuw2nsr/image/upload/v1704132624/n6jf8qreag0ailt1n3ng.jpg','L·∫≠p tr√¨nh JAVA',1),(9,'L·∫≠p tr√¨nh',_binary '\0',3500.00,0.00,'n·∫Øm v·ªØng ki·∫øn th·ª©c, k·ªπ nƒÉng x√¢y d·ª±ng v√† ph√°t tri·ªÉn d·ªãch v·ª•, ƒëa d·ªãch v·ª• trong python','http://res.cloudinary.com/dfmuw2nsr/image/upload/v1703928975/xpitexqdurtorvmnexhx.jpg','L·∫≠p tr√¨nh python ',1),(10,'ƒê·ªì h·ªça',_binary '\0',1000.00,0.00,'Kh√≥a h·ªçc Photoshop Basic s·∫Ω mang ƒë·∫øn cho b·∫°n ki·∫øn th·ª©c thi·∫øt k·∫ø t·ª´ c∆° b·∫£n ƒë·∫øn c·∫•p trung.','http://res.cloudinary.com/dfmuw2nsr/image/upload/v1703929359/u6we68ijwoagwjoudsow.png','KH√ìA H·ªåC PHOTOSHOP C∆† B·∫¢N',1),(11,'ƒê·ªì h·ªça',_binary '\0',3700.00,4.00,' kh√≥a h·ªçc cung c·∫•p ki·∫øn th·ª©c t·ª´ c∆° b·∫£n ƒë·∫øn th√†nh th·∫°o ph·∫ßn m·ªÅm d·ª±ng phim Premiere.','http://res.cloudinary.com/dfmuw2nsr/image/upload/v1703929808/hjb00ihdj5n2k5gainqz.png','Kh√≥a h·ªçc D·ª±ng Phim Premiere',1),(12,'T√†i ch√≠nh',_binary '\0',5000.00,0.00,'Ch∆∞∆°ng tr√¨nh n√†y kh√¥ng gi√∫p b·∫°n tr·ªü th√†nh chuy√™n gia t√†i ch√≠nh, m√† ch·ªâ gi√∫p b·∫°n nghi√™n c·ª©u t√†i ch√≠nh d∆∞·ªõi g√≥c ƒë·ªô c·ªßa m·ªôt nh√† qu·∫£n l√Ω kh√¥ng chuy√™n v·ªÅ t√†i ch√≠nh k·∫ø to√°n.','http://res.cloudinary.com/dfmuw2nsr/image/upload/v1703930183/nfgbpdyvu1cfiecpihix.webp','T√ÄI CH√çNH D√ÄNH CHO L√ÉNH ƒê·∫†O',1),(13,'ƒê·∫ßu t∆∞',_binary '\0',5000.00,0.00,'ƒê·∫¶U T∆Ø CH·ª®NG KHO√ÅN CHO NG∆Ø·ªúI M·ªöI B·∫ÆT ƒê·∫¶U','http://res.cloudinary.com/dfmuw2nsr/image/upload/v1703930389/jdi4s7zxvj4czws9pws5.png','KH√ìA H·ªåC ƒê·∫¶U T∆Ø 2023',1),(17,'K·ªπ thu·∫≠t',_binary '\0',1000.00,0.00,'Kh√≥a h·ªçc gi√∫p h·ªçc vi√™n ti·∫øp c·∫≠n, n·∫Øm b·∫Øt v·ªØng ch·∫Øc nh·ªØng ki·∫øn th·ª©c vi ƒëi·ªÅu khi·ªÉn nhanh nh·∫•t, m·ªõi nh·∫•t, th·ª±c t·∫ø nh·∫•t v·ªÅ PIC. ','http://res.cloudinary.com/dfmuw2nsr/image/upload/v1703931706/utifzevdtigdzxjn8wbg.jpg','Vi ƒêi·ªÅu khi·ªÉn PIC',1),(22,'K·ªπ thu·∫≠t',_binary '\0',1500.00,0.00,'VinaTrain l√† h·ªá th·ªëng ƒë√†o t·∫°o nghi·ªáp v·ª• th·ª±c t·∫ø h√†ng ƒë·∫ßu, chuy√™n v·ªÅ ƒë√†o t·∫°o ch·∫•t l∆∞·ª£ng cao.','http://res.cloudinary.com/dfmuw2nsr/image/upload/v1703945938/sxuw7rq1xzn61cbhkkev.png','Kh√≥a H·ªçc Tin H·ªçc VƒÉn Ph√≤ng VinaPro T·ª´ C∆° B·∫£n ƒê·∫øn N√¢ng Cao',1),(23,'K·ªπ thu·∫≠t',_binary '\0',1500.00,0.00,'nhu c·∫ßu tuy·ªÉn d·ª•ng c√°c v·ªã tr√≠ Dev, DevOps,  TechLeader y√™u c·∫ßu hi·ªÉu bi·∫øt v·ªÅ AWS ƒëang ng√†y c√†ng gia tƒÉng v·ªõi m·ª©c l∆∞∆°ng si√™u kh·ªßng h√†ng th√°ng giao ƒë·ªông t·ª´ $1000 ‚Äì $2000','http://res.cloudinary.com/dfmuw2nsr/image/upload/v1703946059/x8pe0gtz6ontpf9w1rqp.jpg','Kh√≥a h·ªçc AWS c∆° b·∫£n',1),(27,'L·∫≠p tr√¨nh',_binary '\0',0.00,0.00,'Kh√≥a h·ªçc cung c·∫•p kƒ© nƒÉng l·∫≠p tr√¨nh C','http://res.cloudinary.com/dfmuw2nsr/image/upload/v1704339901/nkxjn8bajl1vhpncrskk.png','Kh√≥a h·ªçc kƒ© thu·∫≠t l·∫≠p tr√¨nh C',1);
/*!40000 ALTER TABLE `courses` ENABLE KEYS */;
UNLOCK TABLES;

--
-- Table structure for table `enroll_progress`
--

DROP TABLE IF EXISTS `enroll_progress`;
/*!40101 SET @saved_cs_client     = @@character_set_client */;
/*!50503 SET character_set_client = utf8mb4 */;
CREATE TABLE `enroll_progress` (
  `id` int NOT NULL AUTO_INCREMENT,
  `enrollment_id` int NOT NULL,
  `lesson_id` int NOT NULL,
  PRIMARY KEY (`id`),
  UNIQUE KEY `UK32umfdeyled2xd6k7bn3tfb0w` (`enrollment_id`,`lesson_id`),
  KEY `FKhdmxj9myosisgvjkioragxejy` (`lesson_id`),
  CONSTRAINT `FK55yx3pbldbupu7yuithq26w2q` FOREIGN KEY (`enrollment_id`) REFERENCES `enrollments` (`id`) ON DELETE CASCADE,
  CONSTRAINT `FKhdmxj9myosisgvjkioragxejy` FOREIGN KEY (`lesson_id`) REFERENCES `lessons` (`id`) ON DELETE CASCADE
) ENGINE=InnoDB DEFAULT CHARSET=utf8mb4 COLLATE=utf8mb4_0900_ai_ci;
/*!40101 SET character_set_client = @saved_cs_client */;

--
-- Dumping data for table `enroll_progress`
--

LOCK TABLES `enroll_progress` WRITE;
/*!40000 ALTER TABLE `enroll_progress` DISABLE KEYS */;
/*!40000 ALTER TABLE `enroll_progress` ENABLE KEYS */;
UNLOCK TABLES;

--
-- Table structure for table `enrollments`
--

DROP TABLE IF EXISTS `enrollments`;
/*!40101 SET @saved_cs_client     = @@character_set_client */;
/*!50503 SET character_set_client = utf8mb4 */;
CREATE TABLE `enrollments` (
  `id` int NOT NULL AUTO_INCREMENT,
  `created_at` datetime(6) NOT NULL,
  `is_completed` bit(1) NOT NULL DEFAULT b'0',
  `next_position` int DEFAULT '1',
  `progress` decimal(6,2) NOT NULL DEFAULT '0.00',
  `updated_at` datetime(6) DEFAULT NULL,
  `course_id` int NOT NULL,
  `user_id` int NOT NULL,
  PRIMARY KEY (`id`),
  UNIQUE KEY `UKg1muiskd02x66lpy6fqcj6b9q` (`user_id`,`course_id`),
  KEY `FKho8mcicp4196ebpltdn9wl6co` (`course_id`),
  CONSTRAINT `FK3hjx6rcnbmfw368sxigrpfpx0` FOREIGN KEY (`user_id`) REFERENCES `users` (`id`) ON DELETE CASCADE,
  CONSTRAINT `FKho8mcicp4196ebpltdn9wl6co` FOREIGN KEY (`course_id`) REFERENCES `courses` (`id`) ON DELETE CASCADE
) ENGINE=InnoDB AUTO_INCREMENT=7 DEFAULT CHARSET=utf8mb4 COLLATE=utf8mb4_0900_ai_ci;
/*!40101 SET character_set_client = @saved_cs_client */;

--
-- Dumping data for table `enrollments`
--

LOCK TABLES `enrollments` WRITE;
/*!40000 ALTER TABLE `enrollments` DISABLE KEYS */;
INSERT INTO `enrollments` VALUES (1,'2024-01-03 13:37:05.320532',_binary '\0',3,2.00,'2024-01-05 09:18:01.494739',11,2),(2,'2024-01-03 13:38:42.884806',_binary '\0',1,0.00,'2024-01-03 13:38:42.884806',12,2),(3,'2024-01-03 17:05:58.878447',_binary '\0',3,2.00,'2024-01-05 10:17:28.320344',8,2),(4,'2024-01-04 09:17:54.450568',_binary '\0',1,0.00,'2024-01-04 09:17:54.450568',9,2),(5,'2024-01-06 11:02:31.108146',_binary '\0',1,0.00,'2024-01-06 11:02:31.108146',13,2),(6,'2024-01-06 11:02:31.107134',_binary '\0',1,0.00,'2024-01-06 11:02:31.107134',22,2);
/*!40000 ALTER TABLE `enrollments` ENABLE KEYS */;
UNLOCK TABLES;

--
-- Table structure for table `forgot_password_request`
--

DROP TABLE IF EXISTS `forgot_password_request`;
/*!40101 SET @saved_cs_client     = @@character_set_client */;
/*!50503 SET character_set_client = utf8mb4 */;
CREATE TABLE `forgot_password_request` (
  `email` varchar(255) NOT NULL,
  PRIMARY KEY (`email`)
) ENGINE=InnoDB DEFAULT CHARSET=utf8mb4 COLLATE=utf8mb4_0900_ai_ci;
/*!40101 SET character_set_client = @saved_cs_client */;

--
-- Dumping data for table `forgot_password_request`
--

LOCK TABLES `forgot_password_request` WRITE;
/*!40000 ALTER TABLE `forgot_password_request` DISABLE KEYS */;
/*!40000 ALTER TABLE `forgot_password_request` ENABLE KEYS */;
UNLOCK TABLES;

--
-- Table structure for table `lessons`
--

DROP TABLE IF EXISTS `lessons`;
/*!40101 SET @saved_cs_client     = @@character_set_client */;
/*!50503 SET character_set_client = utf8mb4 */;
CREATE TABLE `lessons` (
  `id` int NOT NULL AUTO_INCREMENT,
  `length_seconds` int DEFAULT '0',
  `lesson_name` varchar(255) NOT NULL,
  `position` int NOT NULL,
  `video_url` varchar(255) DEFAULT NULL,
  `course_id` int NOT NULL,
  `user_id` int NOT NULL,
  PRIMARY KEY (`id`),
  UNIQUE KEY `UK5rc5ey050uiufedyhwrxgsiws` (`course_id`,`position`),
  KEY `FKl7f7d2sg5hj9ltfbyrhf1l3ou` (`user_id`),
  CONSTRAINT `FK17ucc7gjfjddsyi0gvstkqeat` FOREIGN KEY (`course_id`) REFERENCES `courses` (`id`) ON DELETE CASCADE,
  CONSTRAINT `FKl7f7d2sg5hj9ltfbyrhf1l3ou` FOREIGN KEY (`user_id`) REFERENCES `users` (`id`) ON DELETE CASCADE
) ENGINE=InnoDB AUTO_INCREMENT=41 DEFAULT CHARSET=utf8mb4 COLLATE=utf8mb4_0900_ai_ci;
/*!40101 SET character_set_client = @saved_cs_client */;

--
-- Dumping data for table `lessons`
--

LOCK TABLES `lessons` WRITE;
/*!40000 ALTER TABLE `lessons` DISABLE KEYS */;
INSERT INTO `lessons` VALUES (2,NULL,'Video asiad ',5,'http://res.cloudinary.com/dfmuw2nsr/video/upload/v1704038123/f7d7qmpiovfpwq0tgeu3.mp4',11,1),(3,NULL,'C·∫•u tr√∫c video trong video d√†i ph·∫ßn 1',2,'http://res.cloudinary.com/dfmuw2nsr/video/upload/v1704038362/mmve9h9zy83almn7twla.mp4',11,1),(21,NULL,'L√†m quen v·ªõi Adobe Premiere',4,'http://res.cloudinary.com/dfmuw2nsr/video/upload/v1704042957/wrbtvlfwi8bcgryichm2.mp4',11,1),(25,NULL,'B√†i gi·∫£ng nh·∫≠p m√¥n x·ª≠ l√Ω video',1,'http://res.cloudinary.com/dfmuw2nsr/video/upload/v1704127562/z8sol6dalswm2i4kqtp6.mp4',11,1),(26,NULL,'L·ªõp trong java',2,'http://res.cloudinary.com/dfmuw2nsr/video/upload/v1704133436/oymsmwhlsbvibvyj4vq8.mp4',8,1),(28,NULL,'V√≤ng l·∫∑p trong Java',6,'http://res.cloudinary.com/dfmuw2nsr/video/upload/v1704158239/eqnj0jaq7r9hq67sgjtp.mp4',8,1),(29,NULL,'ArrayList trong java',11,'http://res.cloudinary.com/dfmuw2nsr/video/upload/v1704155819/xytzhfaw4jibrm3pbkjr.mp4',8,1),(30,NULL,'Throw v√† Throws - Kh√°c bi·ªát nh∆∞ n√†o ?',4,'http://res.cloudinary.com/dfmuw2nsr/video/upload/v1704156660/b7fbnmo8so0ikbbo3xgs.mp4',8,1),(32,NULL,'Ngh·ªá thu·∫≠t x·ª≠ l√Ω Exception',5,'http://res.cloudinary.com/dfmuw2nsr/video/upload/v1704156924/vc8yisggw2yyr1pjlodh.mp4',8,1),(33,NULL,'Java l√† g√¨ ?',1,'http://res.cloudinary.com/dfmuw2nsr/video/upload/v1704158709/c3ui8mfvs1riwuhskqgz.mp4',8,1),(34,NULL,'V√≤ng l·∫∑p For trong Java ',7,'http://res.cloudinary.com/dfmuw2nsr/video/upload/v1704158748/a2qpyo6dcafymglzekij.mp4',8,1),(35,NULL,'OOP trong java (C∆° b·∫£n nh·∫•t)',9,'http://res.cloudinary.com/dfmuw2nsr/video/upload/v1704158972/dlqw0jremwlr73i0dkq8.mp4',8,1),(37,NULL,'C√¢u l·ªánh r·∫Ω nh√°nh c√≥ ƒëi·ªÅu ki·ªán (If-else)',8,'http://res.cloudinary.com/dfmuw2nsr/video/upload/v1704159047/ff8acf2pfkedvz1badh4.mp4',8,1),(38,NULL,'Enum trong java',10,'http://res.cloudinary.com/dfmuw2nsr/video/upload/v1704159303/i7wvwzxdba2imjaa1npl.mp4',8,1),(39,NULL,'B√≠ m·∫≠t v·ªÅ h√†m main. Kh√° th√∫ v·ªã ƒë·∫•y !',3,'http://res.cloudinary.com/dfmuw2nsr/video/upload/v1704159344/ryeounciftunf9ltaytm.mp4',8,1),(40,NULL,'C√°ch s·ª≠ d·ª•ng This/That trong java',12,'http://res.cloudinary.com/dfmuw2nsr/video/upload/v1704340274/v1vvu7xxpcphfujumpoh.mp4',8,1);
/*!40000 ALTER TABLE `lessons` ENABLE KEYS */;
UNLOCK TABLES;

--
-- Table structure for table `lessons_seq`
--

DROP TABLE IF EXISTS `lessons_seq`;
/*!40101 SET @saved_cs_client     = @@character_set_client */;
/*!50503 SET character_set_client = utf8mb4 */;
CREATE TABLE `lessons_seq` (
  `next_val` bigint DEFAULT NULL
) ENGINE=InnoDB DEFAULT CHARSET=utf8mb4 COLLATE=utf8mb4_0900_ai_ci;
/*!40101 SET character_set_client = @saved_cs_client */;

--
-- Dumping data for table `lessons_seq`
--

LOCK TABLES `lessons_seq` WRITE;
/*!40000 ALTER TABLE `lessons_seq` DISABLE KEYS */;
INSERT INTO `lessons_seq` VALUES (51);
/*!40000 ALTER TABLE `lessons_seq` ENABLE KEYS */;
UNLOCK TABLES;

--
-- Table structure for table `order_items`
--

DROP TABLE IF EXISTS `order_items`;
/*!40101 SET @saved_cs_client     = @@character_set_client */;
/*!50503 SET character_set_client = utf8mb4 */;
CREATE TABLE `order_items` (
  `id` int NOT NULL AUTO_INCREMENT,
  `course_id` int NOT NULL,
  `transaction_id` varchar(20) NOT NULL,
  PRIMARY KEY (`id`),
  KEY `FKy4aiomvn1gl62yjreckpt6lv` (`course_id`),
  KEY `FKceser0bpu7s99jinnuax1ys5u` (`transaction_id`),
  CONSTRAINT `FKceser0bpu7s99jinnuax1ys5u` FOREIGN KEY (`transaction_id`) REFERENCES `sales` (`transaction_id`) ON DELETE CASCADE,
  CONSTRAINT `FKy4aiomvn1gl62yjreckpt6lv` FOREIGN KEY (`course_id`) REFERENCES `courses` (`id`) ON DELETE CASCADE
) ENGINE=InnoDB DEFAULT CHARSET=utf8mb4 COLLATE=utf8mb4_0900_ai_ci;
/*!40101 SET character_set_client = @saved_cs_client */;

--
-- Dumping data for table `order_items`
--

LOCK TABLES `order_items` WRITE;
/*!40000 ALTER TABLE `order_items` DISABLE KEYS */;
/*!40000 ALTER TABLE `order_items` ENABLE KEYS */;
UNLOCK TABLES;

--
-- Table structure for table `reviews`
--

DROP TABLE IF EXISTS `reviews`;
/*!40101 SET @saved_cs_client     = @@character_set_client */;
/*!50503 SET character_set_client = utf8mb4 */;
CREATE TABLE `reviews` (
  `id` int NOT NULL AUTO_INCREMENT,
  `content` varchar(255) NOT NULL,
  `created_at` datetime(6) NOT NULL,
  `rating` int NOT NULL,
  `updated_at` datetime(6) DEFAULT NULL,
  `course_id` int NOT NULL,
  `user_id` int NOT NULL,
  PRIMARY KEY (`id`),
  UNIQUE KEY `UKgvg1ect42p0nkk171cbuwho8o` (`user_id`,`course_id`),
  KEY `FKccbfc9u1qimejr5ll7yuxbtqs` (`course_id`),
  CONSTRAINT `FKccbfc9u1qimejr5ll7yuxbtqs` FOREIGN KEY (`course_id`) REFERENCES `courses` (`id`) ON DELETE CASCADE,
  CONSTRAINT `FKcgy7qjc1r99dp117y9en6lxye` FOREIGN KEY (`user_id`) REFERENCES `users` (`id`) ON DELETE CASCADE
) ENGINE=InnoDB AUTO_INCREMENT=3 DEFAULT CHARSET=utf8mb4 COLLATE=utf8mb4_0900_ai_ci;
/*!40101 SET character_set_client = @saved_cs_client */;

--
-- Dumping data for table `reviews`
--

LOCK TABLES `reviews` WRITE;
/*!40000 ALTER TABLE `reviews` DISABLE KEYS */;
INSERT INTO `reviews` VALUES (1,'','2024-01-06 04:47:53.327170',5,'2024-01-06 04:47:53.327170',8,2),(2,'Kh√≥a h·ªçc tuy·ªát v·ªùi qu√° ƒëi m·∫•t nh∆∞ng th√≠ch cho 3.5 sao v√¨ th√≠ch ƒë√£ b·∫£o l√† th√≠ch r·ªìi =))))\n','2024-01-06 04:51:53.681999',4,'2024-01-06 05:27:00.159942',11,2);
/*!40000 ALTER TABLE `reviews` ENABLE KEYS */;
UNLOCK TABLES;

--
-- Table structure for table `sale`
--

DROP TABLE IF EXISTS `sale`;
/*!40101 SET @saved_cs_client     = @@character_set_client */;
/*!50503 SET character_set_client = utf8mb4 */;
CREATE TABLE `sale` (
  `transaction_id` binary(16) NOT NULL,
  `created_at` datetime(6) NOT NULL,
  `number_of_items` int NOT NULL,
  `payment_method` varchar(30) NOT NULL,
  `total_paid` decimal(6,2) NOT NULL,
  `user_id` int NOT NULL,
  PRIMARY KEY (`transaction_id`),
  KEY `FKa2s1ujlsxsr9sffgbrqst4bgk` (`user_id`),
  CONSTRAINT `FKa2s1ujlsxsr9sffgbrqst4bgk` FOREIGN KEY (`user_id`) REFERENCES `users` (`id`) ON DELETE CASCADE
) ENGINE=InnoDB DEFAULT CHARSET=utf8mb4 COLLATE=utf8mb4_0900_ai_ci;
/*!40101 SET character_set_client = @saved_cs_client */;

--
-- Dumping data for table `sale`
--

LOCK TABLES `sale` WRITE;
/*!40000 ALTER TABLE `sale` DISABLE KEYS */;
INSERT INTO `sale` VALUES (_binary '~\‘l¡öM¸æ¯<∞Mt','2024-01-01 02:17:43.082287',1,'MOMO',100.00,2);
/*!40000 ALTER TABLE `sale` ENABLE KEYS */;
UNLOCK TABLES;

--
-- Table structure for table `sales`
--

DROP TABLE IF EXISTS `sales`;
/*!40101 SET @saved_cs_client     = @@character_set_client */;
/*!50503 SET character_set_client = utf8mb4 */;
CREATE TABLE `sales` (
  `transaction_id` varchar(20) NOT NULL,
  `created_at` datetime(6) NOT NULL,
  `payment_method` varchar(30) NOT NULL,
  `total_paid` decimal(6,2) NOT NULL,
  `user_id` int NOT NULL,
  `number_of_items` int NOT NULL,
  PRIMARY KEY (`transaction_id`),
  KEY `FK5bgaw8g0rrbqdvafq36g58smk` (`user_id`),
  CONSTRAINT `FK5bgaw8g0rrbqdvafq36g58smk` FOREIGN KEY (`user_id`) REFERENCES `users` (`id`) ON DELETE CASCADE
) ENGINE=InnoDB DEFAULT CHARSET=utf8mb4 COLLATE=utf8mb4_0900_ai_ci;
/*!40101 SET character_set_client = @saved_cs_client */;

--
-- Dumping data for table `sales`
--

LOCK TABLES `sales` WRITE;
/*!40000 ALTER TABLE `sales` DISABLE KEYS */;
/*!40000 ALTER TABLE `sales` ENABLE KEYS */;
UNLOCK TABLES;

--
-- Table structure for table `users`
--

DROP TABLE IF EXISTS `users`;
/*!40101 SET @saved_cs_client     = @@character_set_client */;
/*!50503 SET character_set_client = utf8mb4 */;
CREATE TABLE `users` (
  `id` int NOT NULL AUTO_INCREMENT,
  `auth_provider` enum('LOCAL','GOOGLE') NOT NULL DEFAULT 'LOCAL',
  `created_at` datetime(6) NOT NULL,
  `email` varchar(255) NOT NULL,
  `fullname` varchar(100) NOT NULL,
  `password` varchar(100) DEFAULT NULL,
  `user_role` enum('ROLE_STUDENT','ROLE_ADMIN','ROLE_TEACHER') NOT NULL DEFAULT 'ROLE_STUDENT',
  PRIMARY KEY (`id`),
  UNIQUE KEY `UK_6dotkott2kjsp8vw4d0m25fb7` (`email`)
) ENGINE=InnoDB AUTO_INCREMENT=4 DEFAULT CHARSET=utf8mb4 COLLATE=utf8mb4_0900_ai_ci;
/*!40101 SET character_set_client = @saved_cs_client */;

--
-- Dumping data for table `users`
--

LOCK TABLES `users` WRITE;
/*!40000 ALTER TABLE `users` DISABLE KEYS */;
INSERT INTO `users` VALUES (1,'LOCAL','2023-12-30 06:32:35.520140','nguyenminhtam01632.fetel@gmail.com','Nguy·ªÖn Minh T√¢m','$2a$12$JW0RKPoz.Db5jnL7IBCqcOr3W2/jAMh3LPSkrSDQK9NVecds9xXgW','ROLE_TEACHER'),(2,'LOCAL','2024-01-01 01:30:27.476649','tamlom2002@gmail.com','Nguy·ªÖn T√¢m','$2a$12$y1YvY6l9hlT/iIc8.kKwzOmjE56yJyO4CBHjGgz3ORhfoqSOQw5D2','ROLE_STUDENT'),(3,'LOCAL','2024-01-01 14:23:33.508464','abcd@gmail.com','Minh T√¢m vip pro','$2a$12$fWDnQCb8Wss3uf.lmtQXD.BqLHXvZwLxUfxihIe2hSsv1Wr5hqhwa','ROLE_STUDENT');
/*!40000 ALTER TABLE `users` ENABLE KEYS */;
UNLOCK TABLES;

--
-- Table structure for table `wishlist`
--

DROP TABLE IF EXISTS `wishlist`;
/*!40101 SET @saved_cs_client     = @@character_set_client */;
/*!50503 SET character_set_client = utf8mb4 */;
CREATE TABLE `wishlist` (
  `id` int NOT NULL AUTO_INCREMENT,
  `created_at` datetime(6) NOT NULL,
  `course_id` int NOT NULL,
  `user_id` int NOT NULL,
  PRIMARY KEY (`id`),
  UNIQUE KEY `UKkboogsaq79fml6t4a7rjhphg7` (`user_id`,`course_id`),
  KEY `FK3oou0jaquu0ulln4n7xs3ltao` (`course_id`),
  CONSTRAINT `FK3oou0jaquu0ulln4n7xs3ltao` FOREIGN KEY (`course_id`) REFERENCES `courses` (`id`) ON DELETE CASCADE,
  CONSTRAINT `FKtrd6335blsefl2gxpb8lr0gr7` FOREIGN KEY (`user_id`) REFERENCES `users` (`id`) ON DELETE CASCADE
) ENGINE=InnoDB AUTO_INCREMENT=71 DEFAULT CHARSET=utf8mb4 COLLATE=utf8mb4_0900_ai_ci;
/*!40101 SET character_set_client = @saved_cs_client */;

--
-- Dumping data for table `wishlist`
--

LOCK TABLES `wishlist` WRITE;
/*!40000 ALTER TABLE `wishlist` DISABLE KEYS */;
INSERT INTO `wishlist` VALUES (1,'2024-01-03 10:47:27.000000',8,2),(52,'2024-01-03 16:10:38.000000',10,2),(59,'2024-01-03 16:31:21.000000',9,2),(66,'2024-01-03 17:12:10.000000',11,2),(68,'2024-01-04 12:56:24.000000',27,2),(69,'2024-01-04 13:03:44.000000',22,2),(70,'2024-01-04 13:05:02.000000',13,2);
/*!40000 ALTER TABLE `wishlist` ENABLE KEYS */;
UNLOCK TABLES;
/*!40103 SET TIME_ZONE=@OLD_TIME_ZONE */;

/*!40101 SET SQL_MODE=@OLD_SQL_MODE */;
/*!40014 SET FOREIGN_KEY_CHECKS=@OLD_FOREIGN_KEY_CHECKS */;
/*!40014 SET UNIQUE_CHECKS=@OLD_UNIQUE_CHECKS */;
/*!40101 SET CHARACTER_SET_CLIENT=@OLD_CHARACTER_SET_CLIENT */;
/*!40101 SET CHARACTER_SET_RESULTS=@OLD_CHARACTER_SET_RESULTS */;
/*!40101 SET COLLATION_CONNECTION=@OLD_COLLATION_CONNECTION */;
/*!40111 SET SQL_NOTES=@OLD_SQL_NOTES */;

-- Dump completed on 2024-01-06 19:46:34
